{"cameraMode":{"drawMode":0,"name":"Shaded","section":"Shading Mode"},"sceneLighting":false,"audioPlay":false,"sceneViewState":{"showFog":true,"showMaterialUpdate":false,"showSkybox":false,"showFlares":true,"showImageEffects":true,"showParticleSystems":true},"in2DMode":false,"pivot":{"x":23.817340850830079,"y":-9.098722457885743,"z":-6.81754732131958},"rotation":{"x":-0.12745536863803864,"y":-0.15054653584957124,"z":0.019576452672481538,"w":-0.9801569581031799},"size":2.8578836917877199,"orthographic":false}