{"cameraMode":{"drawMode":0,"name":"Shaded","section":"Shading Mode"},"sceneLighting":false,"audioPlay":false,"sceneViewState":{"showFog":true,"showMaterialUpdate":false,"showSkybox":true,"showFlares":true,"showImageEffects":true,"showParticleSystems":true},"in2DMode":false,"pivot":{"x":0.4361683130264282,"y":-1.628531575202942,"z":6.939796447753906},"rotation":{"x":-0.3001466989517212,"y":-0.158716082572937,"z":0.05072050541639328,"w":-0.9392277002334595},"size":1.85873544216156,"orthographic":false}