{"cameraMode":{"drawMode":0,"name":"Shaded","section":"Shading Mode"},"sceneLighting":false,"audioPlay":false,"sceneViewState":{"showFog":true,"showMaterialUpdate":false,"showSkybox":false,"showFlares":true,"showImageEffects":true,"showParticleSystems":true},"in2DMode":false,"pivot":{"x":2.4361114501953127,"y":1.0890684127807618,"z":1.042357087135315},"rotation":{"x":-0.4713369309902191,"y":0.45662540197372439,"z":-0.3136088252067566,"w":-0.6862829923629761},"size":15.96934700012207,"orthographic":false}