{"cameraMode":{"drawMode":0,"name":"Shaded","section":"Shading Mode"},"sceneLighting":true,"audioPlay":false,"sceneViewState":{"showFog":true,"showMaterialUpdate":false,"showSkybox":true,"showFlares":true,"showImageEffects":true,"showParticleSystems":true},"in2DMode":false,"pivot":{"x":17.46563148498535,"y":2.7988758087158205,"z":-5.105417251586914},"rotation":{"x":-0.11834077537059784,"y":-0.22522875666618348,"z":0.027571937069296838,"w":-0.9666991829872131},"size":2.645151376724243,"orthographic":false}