{"cameraMode":{"drawMode":0,"name":"Shaded","section":"Shading Mode"},"sceneLighting":true,"audioPlay":false,"sceneViewState":{"showFog":true,"showMaterialUpdate":false,"showSkybox":true,"showFlares":true,"showImageEffects":true,"showParticleSystems":true},"in2DMode":false,"pivot":{"x":5.099781036376953,"y":5.013084411621094,"z":-8.123746871948243},"rotation":{"x":-0.1814575046300888,"y":-0.09366309642791748,"z":0.0173645056784153,"w":-0.9787741899490356},"size":2.645151376724243,"orthographic":false}