{"cameraMode":{"drawMode":0,"name":"Shaded","section":"Shading Mode"},"sceneLighting":false,"audioPlay":false,"sceneViewState":{"showFog":true,"showMaterialUpdate":false,"showSkybox":false,"showFlares":true,"showImageEffects":true,"showParticleSystems":true},"in2DMode":false,"pivot":{"x":1.2978636026382447,"y":1.022597074508667,"z":2.0592899322509767},"rotation":{"x":-0.2948533296585083,"y":0.6836153864860535,"z":-0.3574715852737427,"w":-0.5638666152954102},"size":3.0085763931274416,"orthographic":false}