{"cameraMode":{"drawMode":0,"name":"Shaded","section":"Shading Mode"},"sceneLighting":false,"audioPlay":false,"sceneViewState":{"showFog":true,"showMaterialUpdate":false,"showSkybox":false,"showFlares":true,"showImageEffects":true,"showParticleSystems":true},"in2DMode":false,"pivot":{"x":1.7312946319580079,"y":2.1418769359588625,"z":2.2882614135742189},"rotation":{"x":-0.48067811131477358,"y":0.2534676194190979,"z":-0.14742684364318849,"w":-0.8264188170433044},"size":4.25811243057251,"orthographic":false}