{"cameraMode":{"drawMode":0,"name":"Shaded","section":"Shading Mode"},"sceneLighting":false,"audioPlay":false,"sceneViewState":{"showFog":true,"showMaterialUpdate":false,"showSkybox":false,"showFlares":true,"showImageEffects":true,"showParticleSystems":true},"in2DMode":false,"pivot":{"x":-0.7543714046478272,"y":0.7662804126739502,"z":2.2472846508026125},"rotation":{"x":-0.127685546875,"y":0.857320249080658,"z":-0.2556576132774353,"w":-0.42817941308021548},"size":4.508576393127441,"orthographic":false}