{"cameraMode":{"drawMode":0,"name":"Shaded","section":"Shading Mode"},"sceneLighting":false,"audioPlay":false,"sceneViewState":{"showFog":true,"showMaterialUpdate":false,"showSkybox":false,"showFlares":true,"showImageEffects":true,"showParticleSystems":true},"in2DMode":false,"pivot":{"x":4.716747283935547,"y":0.2947044372558594,"z":9.359577178955079},"rotation":{"x":-0.5356329679489136,"y":0.37462493777275088,"z":-0.28645604848861697,"w":-0.7004973292350769},"size":34.263763427734378,"orthographic":false}