{"cameraMode":{"drawMode":0,"name":"Shaded","section":"Shading Mode"},"sceneLighting":false,"audioPlay":false,"sceneViewState":{"showFog":true,"showMaterialUpdate":false,"showSkybox":true,"showFlares":true,"showImageEffects":true,"showParticleSystems":true},"in2DMode":false,"pivot":{"x":0.29473134875297549,"y":-1.5804100036621094,"z":6.444336414337158},"rotation":{"x":-0.007754957303404808,"y":-0.9921834468841553,"z":0.08235175162553787,"w":-0.09343481808900833},"size":1.85873544216156,"orthographic":false}