{"cameraMode":{"drawMode":0,"name":"Shaded","section":"Shading Mode"},"sceneLighting":false,"audioPlay":false,"sceneViewState":{"showFog":true,"showMaterialUpdate":false,"showSkybox":true,"showFlares":true,"showImageEffects":true,"showParticleSystems":true},"in2DMode":false,"pivot":{"x":23.817340850830079,"y":-9.098722457885743,"z":-6.81754732131958},"rotation":{"x":-0.06648806482553482,"y":-0.8621454834938049,"z":0.11737464368343353,"w":-0.4883726239204407},"size":2.8578836917877199,"orthographic":false}