{"cameraMode":{"drawMode":0,"name":"Shaded","section":"Shading Mode"},"sceneLighting":false,"audioPlay":false,"sceneViewState":{"showFog":true,"showMaterialUpdate":false,"showSkybox":true,"showFlares":true,"showImageEffects":true,"showParticleSystems":true},"in2DMode":false,"pivot":{"x":0.038728341460227969,"y":0.3020215332508087,"z":0.07987001538276673},"rotation":{"x":0.2923092246055603,"y":-0.37739819288253786,"z":0.12687525153160096,"w":0.8694990873336792},"size":0.42623937129974368,"orthographic":false}