{"cameraMode":{"drawMode":0,"name":"Shaded","section":"Shading Mode"},"sceneLighting":false,"audioPlay":false,"sceneViewState":{"showFog":true,"showMaterialUpdate":false,"showSkybox":true,"showFlares":true,"showImageEffects":true,"showParticleSystems":true},"in2DMode":false,"pivot":{"x":0.3960186541080475,"y":0.03050827980041504,"z":-0.11995506286621094},"rotation":{"x":-0.2315618395805359,"y":-0.07054407149553299,"z":0.01683707907795906,"w":-0.9701129794120789},"size":2.8578836917877199,"orthographic":false}