{"cameraMode":{"drawMode":0,"name":"Shaded","section":"Shading Mode"},"sceneLighting":false,"audioPlay":false,"sceneViewState":{"showFog":true,"showMaterialUpdate":false,"showSkybox":true,"showFlares":true,"showImageEffects":true,"showParticleSystems":true},"in2DMode":false,"pivot":{"x":0.158514603972435,"y":-1.5373114347457886,"z":11.834134101867676},"rotation":{"x":-0.16736193001270295,"y":-0.545030415058136,"z":0.11207886785268784,"w":-0.8138612508773804},"size":2.857883930206299,"orthographic":false}